intensity_mW_cm2,predicted_k_hr1
0.000000000000000000e+00,8.999999999999999667e-02
4.020100502512562873e-02,9.001510469877871401e-02
8.040201005025125747e-02,9.007594723353185007e-02
1.206030150753768793e-01,9.019534603129192307e-02
1.608040201005025149e-01,9.038186675322988639e-02
2.010050251256281506e-01,9.064226192848821861e-02
2.412060301507537585e-01,9.098221029597483578e-02
2.814070351758793942e-01,9.140666441846381773e-02
3.216080402010050299e-01,9.192004646438078908e-02
3.618090452261306655e-01,9.252637093268548107e-02
4.020100502512563012e-01,9.322932733622349422e-02
4.422110552763819369e-01,9.403233889852888328e-02
4.824120603015075170e-01,9.493860591453363862e-02
5.226130653266332082e-01,9.595113880306314902e-02
5.628140703517587884e-01,9.707278394989193870e-02
6.030150753768844796e-01,9.830624434278044388e-02
6.432160804020100597e-01,9.965409634172001097e-02
6.834170854271356399e-01,1.011188035152301989e-01
7.236180904522613311e-01,1.027027282055553575e-01
7.638190954773869112e-01,1.044081413059330110e-01
8.040201005025126024e-01,1.062372306093675167e-01
8.442211055276381826e-01,1.081921080011049169e-01
8.844221105527638738e-01,1.102748157042217070e-01
9.246231155778894539e-01,1.124873317417211804e-01
9.648241206030150341e-01,1.148315747442455875e-01
1.005025125628140614e+00,1.173094082065902488e-01
1.045226130653266416e+00,1.199226442763448586e-01
1.085427135678391997e+00,1.226730471425859781e-01
1.125628140703517577e+00,1.255623360804699606e-01
1.165829145728643157e+00,1.285921881980109927e-01
1.206030150753768959e+00,1.317642409236851608e-01
1.246231155778894539e+00,1.350800942673371641e-01
1.286432160804020119e+00,1.385413128818572259e-01
1.326633165829145700e+00,1.421494279489952106e-01
1.366834170854271280e+00,1.459059389092987324e-01
1.407035175879397082e+00,1.498123150533573478e-01
1.447236180904522662e+00,1.538699969891950126e-01
1.487437185929648242e+00,1.580803979986886432e-01
1.527638190954773822e+00,1.624449052942328331e-01
1.567839195979899625e+00,1.669648811854667625e-01
1.608040201005025205e+00,1.716416641646807406e-01
1.648241206030150785e+00,1.764765699184969450e-01
1.688442211055276365e+00,1.814708922725377649e-01
1.728643216080401945e+00,1.866259040750365694e-01
1.768844221105527748e+00,1.919428580246876070e-01
1.809045226130653328e+00,1.974229874474611179e-01
1.849246231155778908e+00,2.030675070266111104e-01
1.889447236180904488e+00,2.088776134896672965e-01
1.929648241206030068e+00,2.148544862558206536e-01
1.969849246231155870e+00,2.209992880467750165e-01
2.010050251256281229e+00,2.273131654638405053e-01
2.050251256281407031e+00,2.337972495337815593e-01
2.090452261306532833e+00,2.404526562256980859e-01
2.130653266331658191e+00,2.472804869410127893e-01
2.170854271356783993e+00,2.542818289784511965e-01
2.211055276381909795e+00,2.614577559757349512e-01
2.251256281407035154e+00,2.688093283295637237e-01
2.291457286432160956e+00,2.763375935953249485e-01
2.331658291457286314e+00,2.840435868678530262e-01
2.371859296482412116e+00,2.919283311444519358e-01
2.412060301507537918e+00,2.999928376712964750e-01
2.452261306532663276e+00,3.082381062742420297e-01
2.492462311557789079e+00,3.166651256749904997e-01
2.532663316582914437e+00,3.252748737934889611e-01
2.572864321608040239e+00,3.340683180373730243e-01
2.613065326633166041e+00,3.430464155792039005e-01
2.653266331658291399e+00,3.522101136221976736e-01
2.693467336683417201e+00,3.615603496550928719e-01
2.733668341708542560e+00,3.710980516967551379e-01
2.773869346733668362e+00,3.808241385310836558e-01
2.814070351758794164e+00,3.907395199327339252e-01
2.854271356783919522e+00,4.008450968841488216e-01
2.894472361809045324e+00,4.111417617843482475e-01
2.934673366834170682e+00,4.216303986499017054e-01
2.974874371859296485e+00,4.323118833084830248e-01
3.015075376884422287e+00,4.431870835853741752e-01
3.055276381909547645e+00,4.542568594832715467e-01
3.095477386934673447e+00,4.655220633557168863e-01
3.135678391959799249e+00,4.769835400744607545e-01
3.175879396984924607e+00,4.886421271910476039e-01
3.216080402010050410e+00,5.004986550928927080e-01
3.256281407035175768e+00,5.125539471541036285e-01
3.296482412060301570e+00,5.248088198812906890e-01
3.336683417085427372e+00,5.372640830545878377e-01
3.376884422110552730e+00,5.499205398641013876e-01
3.417085427135678533e+00,5.627789870419858120e-01
3.457286432160803891e+00,5.758402149903368850e-01
3.497487437185929693e+00,5.891050079050839106e-01
3.537688442211055495e+00,6.025741438960489083e-01
3.577889447236180853e+00,6.162483951033347340e-01
3.618090452261306655e+00,6.301285278101964593e-01
3.658291457286432014e+00,6.442153025525361176e-01
3.698492462311557816e+00,6.585094742251638156e-01
3.738693467336683618e+00,6.730117921849496643e-01
3.778894472361808976e+00,6.877230003509932077e-01
3.819095477386934778e+00,7.026438373019289196e-01
3.859296482412060136e+00,7.177750363704733516e-01
3.899497487437185939e+00,7.331173257353286177e-01
3.939698492462311741e+00,7.486714285105346978e-01
3.979899497487437099e+00,7.644380628323721449e-01
4.020100502512562457e+00,7.804179419439053467e-01
4.060301507537688259e+00,7.966117742772523824e-01
4.100502512562814061e+00,8.130202635336646333e-01
4.140703517587939864e+00,8.296441087614984111e-01
4.180904522613065666e+00,8.464840044321492174e-01
4.221105527638190580e+00,8.635406405140267916e-01
4.261306532663316382e+00,8.808147025446353418e-01
4.301507537688442184e+00,8.983068717008252380e-01
4.341708542713567986e+00,9.160178248672832257e-01
4.381909547738693789e+00,9.339482347033172260e-01
4.422110552763819591e+00,9.520987697079951184e-01
4.462311557788944505e+00,9.704700942836927968e-01
4.502512562814070307e+00,9.890628687981056766e-01
4.542713567839196109e+00,1.007877749644769505e+00
4.582914572864321912e+00,1.026915389302146098e+00
4.623115577889447714e+00,1.046176436391314857e+00
4.663316582914572628e+00,1.065661535732318255e+00
4.703517587939698430e+00,1.085371328399202806e+00
4.743718592964824232e+00,1.105306451773795384e+00
4.783919597989950034e+00,1.125467539598254962e+00
4.824120603015075837e+00,1.145855222026443965e+00
4.864321608040200751e+00,1.166470125674142100e+00
4.904522613065326553e+00,1.187312873668153745e+00
4.944723618090452355e+00,1.208384085694328203e+00
4.984924623115578157e+00,1.229684378044536563e+00
5.025125628140703959e+00,1.251214363662628504e+00
5.065326633165828873e+00,1.272974652189403422e+00
5.105527638190954676e+00,1.294965850006624786e+00
5.145728643216080478e+00,1.317188560280100340e+00
5.185929648241206280e+00,1.339643383001863031e+00
5.226130653266332082e+00,1.362330915031472189e+00
5.266331658291456996e+00,1.385251750136461846e+00
5.306532663316582799e+00,1.408406479031963254e+00
5.346733668341708601e+00,1.431795689419516515e+00
5.386934673366834403e+00,1.455419966025103706e+00
5.427135678391960205e+00,1.479279890636419292e+00
5.467336683417085119e+00,1.503376042139398239e+00
5.507537688442210921e+00,1.527708996554026477e+00
5.547738693467336724e+00,1.552279327069444825e+00
5.587939698492462526e+00,1.577087604078375449e+00
5.628140703517588328e+00,1.602134395210882412e+00
5.668341708542713242e+00,1.627420265367483410e+00
5.708542713567839044e+00,1.652945776751634677e+00
5.748743718592964846e+00,1.678711488901598381e+00
5.788944723618090649e+00,1.704717958721715165e+00
5.829145728643216451e+00,1.730965740513093154e+00
5.869346733668341365e+00,1.757455386003728748e+00
5.909547738693467167e+00,1.784187444378076526e+00
5.949748743718592969e+00,1.811162462306074250e+00
5.989949748743718771e+00,1.838380983971646954e+00
6.030150753768844574e+00,1.865843551100697217e+00
6.070351758793970376e+00,1.893550702988591405e+00
6.110552763819095290e+00,1.921502976527162954e+00
6.150753768844221092e+00,1.949700906231234265e+00
6.190954773869346894e+00,1.978145024264678087e+00
6.231155778894472697e+00,2.006835860466020360e+00
6.271356783919598499e+00,2.035773942373604317e+00
6.311557788944723413e+00,2.064959795250320251e+00
6.351758793969849215e+00,2.094393942107914519e+00
6.391959798994975017e+00,2.124076903730881316e+00
6.432160804020100819e+00,2.154009198699956329e+00
6.472361809045226622e+00,2.184191343415217368e+00
6.512562814070351536e+00,2.214623852118792424e+00
6.552763819095477338e+00,2.245307236917205795e+00
6.592964824120603140e+00,2.276242007803340073e+00
6.633165829145728942e+00,2.307428672678053072e+00
6.673366834170854744e+00,2.338867737371435052e+00
6.713567839195979658e+00,2.370559705663726646e+00
6.753768844221105461e+00,2.402505079305900626e+00
6.793969849246231263e+00,2.434704358039912364e+00
6.834170854271357065e+00,2.467158039618633225e+00
6.874371859296482867e+00,2.499866619825465985e+00
6.914572864321607781e+00,2.532830592493655608e+00
6.954773869346733584e+00,2.566050449525298038e+00
6.994974874371859386e+00,2.599526680910053233e+00
7.035175879396985188e+00,2.633259774743572201e+00
7.075376884422110990e+00,2.667250217245638488e+00
7.115577889447235904e+00,2.701498492778037885e+00
7.155778894472361706e+00,2.736005083862156795e+00
7.195979899497487509e+00,2.770770471196307927e+00
7.236180904522613311e+00,2.805795133672808639e+00
7.276381909547739113e+00,2.841079548394796372e+00
7.316582914572864027e+00,2.876624190692797622e+00
7.356783919597989829e+00,2.912429534141056209e+00
7.396984924623115631e+00,2.948496050573614635e+00
7.437185929648241434e+00,2.984824210100168518e+00
7.477386934673367236e+00,3.021414481121690088e+00
7.517587939698492150e+00,3.058267330345820767e+00
7.557788944723617952e+00,3.095383222802055911e+00
7.597989949748743754e+00,3.132762621856695961e+00
7.638190954773869557e+00,3.170405989227598642e+00
7.678391959798995359e+00,3.208313784998720219e+00
7.718592964824120273e+00,3.246486467634448925e+00
7.758793969849246075e+00,3.284924493993745642e+00
7.798994974874371877e+00,3.323628319344077653e+00
7.839195979899497679e+00,3.362598397375169412e+00
7.879396984924623482e+00,3.401835180212561927e+00
7.919597989949749284e+00,3.441339118430982946e+00
7.959798994974874198e+00,3.481110661067539969e+00
8.000000000000000000e+00,3.521150255634735160e+00
