wavelength_nm,sigma_sca_m2,sigma_abs_m2
3.000000000000000000e+02,5.278299194563062830e-14,4.383673547339996691e-14
3.034068136272545075e+02,5.241727262399940586e-14,4.422571939937455836e-14
3.068136272545090151e+02,5.205926069673017635e-14,4.461538407911220457e-14
3.102204408817635226e+02,5.170816265402615909e-14,4.500303214110807577e-14
3.136272545090180301e+02,5.136353787300433928e-14,4.538595211925774445e-14
3.170340681362725377e+02,5.102526193660973695e-14,4.576151059621235522e-14
3.204408817635270452e+02,5.069348586989050142e-14,4.612723031286701385e-14
3.238476953907815528e+02,5.036859319827640686e-14,4.648085457123402173e-14
3.272545090180360603e+02,5.005115623422827597e-14,4.682039841020275500e-14
3.306613226452905678e+02,4.974189262977121110e-14,4.714418709696394132e-14
3.340681362725450754e+02,4.944162296791203505e-14,4.745088260030031735e-14
3.374749498997995829e+02,4.915122998003546734e-14,4.773949874854227716e-14
3.408817635270540904e+02,4.887161984563192054e-14,4.800940590445788297e-14
3.442885771543085980e+02,4.860368593558083738e-14,4.826032609210972066e-14
3.476953907815631055e+02,4.834827528556632093e-14,4.849231962960853323e-14
3.511022044088176131e+02,4.809958233787788931e-14,4.871150211190678175e-14
3.545090180360721206e+02,4.785295630302762956e-14,4.892460814791924365e-14
3.579158316633266281e+02,4.762364867939897884e-14,4.912056102516812421e-14
3.613226452905811357e+02,4.741203671754161536e-14,4.930062975057496346e-14
3.647294589178357000e+02,4.721829205729056687e-14,4.946626772402183324e-14
3.681362725450901507e+02,4.704236521378856062e-14,4.961907298956602448e-14
3.715430861723447151e+02,4.688397308520261568e-14,4.976074902809087459e-14
3.749498997995991658e+02,4.674258923122597886e-14,4.989306716813414607e-14
3.783567134268537302e+02,4.661743664889565179e-14,5.001783152713010687e-14
3.817635270541081809e+02,4.650748276415199665e-14,5.013684721774975010e-14
3.851703406813627453e+02,4.641143636391636122e-14,5.025189237307750943e-14
3.885771543086171960e+02,4.632774621361924036e-14,5.036469436829415294e-14
3.919839679358717603e+02,4.625460113800508442e-14,5.047691045154200451e-14
3.953907815631262679e+02,4.618993138742787611e-14,5.059011284627932715e-14
3.987975951903807754e+02,4.613141116668640999e-14,5.070577825225892575e-14
4.022044088176352830e+02,4.609979251654849368e-14,5.082273565029807856e-14
4.056112224448897905e+02,4.609559837252188353e-14,5.094196107420999029e-14
4.090180360721442980e+02,4.610917228876565451e-14,5.106606718266945643e-14
4.124248496993988056e+02,4.614108074306073989e-14,5.119663684184285340e-14
4.158316633266533131e+02,4.619201992508050952e-14,5.133526063646372604e-14
4.192384769539078206e+02,4.626285460782747579e-14,5.148353473003153367e-14
4.226452905811623282e+02,4.635466248701790787e-14,5.164305650783566396e-14
4.260521042084168357e+02,4.646878519278448570e-14,5.181541693090340698e-14
4.294589178356713433e+02,4.660688751665051076e-14,5.200218836383365233e-14
4.328657314629258508e+02,4.677102681865718877e-14,5.220490640912529798e-14
4.362725450901803583e+02,4.696373510866595483e-14,5.242504394691810472e-14
4.396793587174348659e+02,4.718811696295430011e-14,5.266397508604106880e-14
4.430861723446893734e+02,4.744796728197160544e-14,5.292292600239107548e-14
4.464929859719438809e+02,4.774791396892377298e-14,5.320290854342562535e-14
4.498997995991983885e+02,4.809359197832693353e-14,5.350463087404556912e-14
4.533066132264528960e+02,4.884564016153191485e-14,5.372401856604611980e-14
4.567134268537074036e+02,4.971615302869870306e-14,5.392461036136271813e-14
4.601202404809619111e+02,5.070335388694728649e-14,5.409955296565593974e-14
4.635270541082164186e+02,5.181560783336876805e-14,5.423804324098645151e-14
4.669338677354709262e+02,5.306132884351403192e-14,5.432817069411567676e-14
4.703406813627254337e+02,5.444888148519753027e-14,5.435715973685930963e-14
4.737474949899799412e+02,5.598645845741958557e-14,5.431170150767273638e-14
4.771543086172344488e+02,5.768193080369414684e-14,5.417837186732029679e-14
4.805611222444889563e+02,5.954266782386463002e-14,5.394411915513879769e-14
4.839679358717435207e+02,6.157532421216104549e-14,5.359678986260389789e-14
4.873747494989979714e+02,6.378559303790723112e-14,5.312564539390860364e-14
4.907815631262525358e+02,6.617792516048773357e-14,5.252181260526622253e-14
4.941883767535069865e+02,6.875521879552514357e-14,5.177860919625732123e-14
4.975951903807615508e+02,7.151848732812641152e-14,5.089169536205025172e-14
5.010020040080160015e+02,7.439836437793766344e-14,4.987294259027017079e-14
5.044088176352705659e+02,7.721709728946278738e-14,4.879912108479945326e-14
5.078156312625250166e+02,8.008054100470925510e-14,4.767843335796962640e-14
5.112224448897795810e+02,8.297040181858857547e-14,4.652304185172805977e-14
5.146292585170340317e+02,8.586840447701308345e-14,4.534354342720897874e-14
5.180360721442885961e+02,8.875687446947833706e-14,4.414892605931951046e-14
5.214428857715430468e+02,9.161932405442183556e-14,4.294666117438655512e-14
5.248496993987976111e+02,9.444101569344555314e-14,4.174286941069235474e-14
5.282565130260520618e+02,9.720948136253152584e-14,4.054250787836566929e-14
5.316633266533066262e+02,9.991498263985621220e-14,3.934954150885889668e-14
5.350701402805610769e+02,1.025509038072783436e-13,3.816707547626658577e-14
5.384769539078156413e+02,1.051140778284106653e-13,3.699743740571705879e-14
5.418837675350700920e+02,1.076050525111021754e-13,3.584220615458604346e-14
5.452905811623246564e+02,1.100283111276835308e-13,3.470218837371690615e-14
5.486973947895791071e+02,1.123924681445978870e-13,3.357734535530284336e-14
5.521042084168336714e+02,1.140244605214394389e-13,3.300276354569889765e-14
5.555110220440881221e+02,1.151739914787834099e-13,3.284504340423077731e-14
5.589178356713426865e+02,1.162801573173301675e-13,3.279041983946499304e-14
5.623246492985972509e+02,1.173649538594760755e-13,3.284056715331173512e-14
5.657314629258517016e+02,1.184505903310671731e-13,3.299745926742350110e-14
5.691382765531061523e+02,1.195592728864682955e-13,3.326327529548948471e-14
5.725450901803607167e+02,1.207129416889479400e-13,3.364025153537106954e-14
5.759519038076152810e+02,1.219329177355646194e-13,3.413045852580227539e-14
5.793587174348697317e+02,1.232394041607502072e-13,3.473547563617461719e-14
5.827655310621241824e+02,1.246507728183503851e-13,3.545592857536509401e-14
5.861723446893787468e+02,1.261825513717887814e-13,3.629084799168581112e-14
5.895791583166333112e+02,1.278460114170785083e-13,3.723680177793406718e-14
5.929859719438877619e+02,1.296462497284696982e-13,3.828675326514498965e-14
5.963927855711422126e+02,1.315796626158406649e-13,3.942860822762732281e-14
5.997995991983967770e+02,1.336307543567174085e-13,4.064344502908212315e-14
6.032064128256513413e+02,1.351372582080805487e-13,4.238590569150597973e-14
6.066132264529057920e+02,1.364553877878407477e-13,4.415262212966593908e-14
6.100200400801602427e+02,1.374980363765701317e-13,4.583729211440428637e-14
6.134268537074148071e+02,1.381229908934191050e-13,4.734769293181810854e-14
6.168336673346693715e+02,1.381781161812567432e-13,4.858059379629603311e-14
6.202404809619238222e+02,1.375180290407031516e-13,4.943106336312311452e-14
6.236472945891782729e+02,1.360254331211393335e-13,4.980553162725269039e-14
6.270541082164328373e+02,1.336329818192074824e-13,4.963641153398483739e-14
6.304609218436874016e+02,1.303397324339337802e-13,4.889465286999038587e-14
6.338677354709418523e+02,1.262165881293823011e-13,4.759635063785460235e-14
6.372745490981963030e+02,1.213981297246058697e-13,4.580100922326504092e-14
6.406813627254508674e+02,1.160627889478790726e-13,4.360180188487461360e-14
6.440881763527054318e+02,1.104071078081421836e-13,4.111080314070369391e-14
6.474949899799598825e+02,1.046209865370144856e-13,3.844338636392472890e-14
6.509018036072143332e+02,9.903398570736840949e-14,3.584702527293569922e-14
6.543086172344688975e+02,9.405393893472699008e-14,3.364874102893094357e-14
6.577154308617234619e+02,8.928236741115090445e-14,3.149759768224976988e-14
6.611222444889779126e+02,8.475646543453229985e-14,2.942506021242901484e-14
6.645290581162324770e+02,8.049667320020874242e-14,2.745261150713052548e-14
6.679358717434870414e+02,7.651026927650193439e-14,2.559336164079504431e-14
6.713426853707414921e+02,7.279479865346713572e-14,2.385377976763659176e-14
6.747494989979959428e+02,6.934104883618523742e-14,2.223532542259114064e-14
6.781563126252505072e+02,6.613546450867460680e-14,2.073586254613431690e-14
6.815631262525050715e+02,6.316200418741855649e-14,1.935081486515588689e-14
6.849699398797595222e+02,6.040350231743880279e-14,1.807406749854644047e-14
6.883767535070139729e+02,5.784262391625658724e-14,1.689864369287233932e-14
6.917835671342685373e+02,5.546250071979859644e-14,1.581719484146026601e-14
6.951903807615231017e+02,5.324712848477140920e-14,1.482234247095769895e-14
6.985971943887775524e+02,5.118159147933026972e-14,1.390690697334562453e-14
7.020040080160320031e+02,4.927894957601090934e-14,1.309892181738975938e-14
7.054108216432865675e+02,4.751404947909401607e-14,1.237626984273539045e-14
7.088176352705411318e+02,4.585626488330039532e-14,1.170788355968787199e-14
7.122244488977955825e+02,4.429606452920384821e-14,1.108898617306062201e-14
7.156312625250500332e+02,4.282487987310661100e-14,1.051520513909507322e-14
7.190380761523045976e+02,4.143502163164450978e-14,9.982554353772454014e-15
7.224448897795591620e+02,4.011959648702328584e-14,9.487410856482565384e-15
7.258517034068136127e+02,3.887242700697406781e-14,9.026488733725998220e-15
7.292585170340680634e+02,3.768797655772185779e-14,8.596812052641733243e-15
7.326653306613226277e+02,3.656128012082499777e-14,8.195688036184984273e-15
7.360721442885771921e+02,3.548788134919153123e-14,7.820681250962142564e-15
7.394789579158316428e+02,3.446377582765726855e-14,7.469589268635387473e-15
7.428857715430860935e+02,3.348536027635158794e-14,7.140420047095786651e-15
7.462925851703406579e+02,3.254938730547396642e-14,6.831371131772217246e-15
7.496993987975952223e+02,3.165292526594454956e-14,6.540810680864292332e-15
7.531062124248496730e+02,3.077141410578624313e-14,6.278774448255064973e-15
7.565130260521041237e+02,2.992427122948732520e-14,6.033410908723789694e-15
7.599198396793586880e+02,2.911130128609176782e-14,5.802349942722950745e-15
7.633266533066132524e+02,2.833031515243625107e-14,5.584458788600013531e-15
7.667334669338677031e+02,2.757932551745130010e-14,5.378711250731271654e-15
7.701402805611221538e+02,2.685652409386564056e-14,5.184176485535950130e-15
7.735470941883767182e+02,2.616026167115461874e-14,5.000009042116639182e-15
7.769539078156312826e+02,2.548903064109936744e-14,4.825440017415149500e-15
7.803607214428857333e+02,2.484144967432895374e-14,4.659769199415210835e-15
7.837675350701401840e+02,2.421625026798365709e-14,4.502358085046715167e-15
7.871743486973947483e+02,2.361226492143577332e-14,4.352623671746042880e-15
7.905811623246493127e+02,2.302841672923431601e-14,4.210032932951353238e-15
7.939879759519037634e+02,2.246371020854126907e-14,4.074097898100635992e-15
7.973947895791582141e+02,2.191722320274530321e-14,3.944371266963018443e-15
8.008016032064127785e+02,2.139736379784195777e-14,3.824644953186801293e-15
8.042084168336673429e+02,2.092276754862273349e-14,3.723239599737514623e-15
8.076152304609217936e+02,2.046183171036982304e-14,3.625761352546401711e-15
8.110220440881763579e+02,2.001401477549754592e-14,3.531989790470063742e-15
8.144288577154308086e+02,1.957880626841596633e-14,3.441719932905797796e-15
8.178356713426853730e+02,1.915572428997315231e-14,3.354760971748787411e-15
8.212424849699398237e+02,1.874431330189306154e-14,3.270935120516204098e-15
8.246492985971943881e+02,1.834414212470344701e-14,3.190076568813149881e-15
8.280561122244488388e+02,1.795480212580262279e-14,3.112030531585450387e-15
8.314629258517034032e+02,1.757590557706949343e-14,3.036652383734436874e-15
8.348697394789578539e+02,1.720708416383894228e-14,2.963806871671424785e-15
8.382765531062124182e+02,1.684798762918035448e-14,2.893367394281691652e-15
8.416833667334668689e+02,1.649828253927481504e-14,2.825215346561233665e-15
8.450901803607214333e+02,1.615765115731516945e-14,2.759239519893741947e-15
8.484969939879758840e+02,1.582579041478421367e-14,2.695335553562684923e-15
8.519038076152304484e+02,1.550730800292284670e-14,2.637470200265006189e-15
8.553106212424848991e+02,1.520058724547145646e-14,2.584486695480191583e-15
8.587174348697394635e+02,1.490142712602170046e-14,2.533043576328343536e-15
8.621242484969939142e+02,1.460959337183595641e-14,2.483073949654051376e-15
8.655310621242484785e+02,1.432486120717538532e-14,2.434514645185482245e-15
8.689378757515029292e+02,1.404701482875990767e-14,2.387305966514021362e-15
8.723446893787574936e+02,1.377584691979924650e-14,2.341391461245705740e-15
8.757515030060119443e+02,1.351115819911658343e-14,2.296717708674511330e-15
8.791583166332665087e+02,1.325275700224129204e-14,2.253234123482531562e-15
8.825651302605210731e+02,1.300045889166555757e-14,2.210892774112125822e-15
8.859719438877755238e+02,1.275408629373968231e-14,2.169648214580790232e-15
8.893787575150300881e+02,1.251346815993384822e-14,2.129457328622333889e-15
8.927855711422845388e+02,1.227843965041619597e-14,2.090279185140060544e-15
8.961923847695391032e+02,1.204884183809761778e-14,2.052074904049313883e-15
8.995991983967935539e+02,1.182452143147210008e-14,2.014807531669546548e-15
9.030060120240481183e+02,1.161108274705559681e-14,1.978531050439655882e-15
9.064128256513025690e+02,1.140315279803968796e-14,1.943102159852362281e-15
9.098196392785571334e+02,1.119982178158706301e-14,1.908477773443136666e-15
9.132264529058115841e+02,1.100096675996322168e-14,1.874630157595506428e-15
9.166332665330661484e+02,1.080646877807830336e-14,1.841532821586417871e-15
9.200400801603205991e+02,1.061621270192648205e-14,1.809160449522582874e-15
9.234468937875751635e+02,1.043008706556703832e-14,1.777488836633064179e-15
9.268537074148296142e+02,1.024798392606029671e-14,1.746494829602094639e-15
9.302605210420841786e+02,1.006979872582253648e-14,1.716156270651938856e-15
9.336673346693386293e+02,9.895430161906960717e-15,1.686451945108333544e-15
9.370741482965931937e+02,9.724780061758616504e-15,1.657361532202425392e-15
9.404809619238476444e+02,9.557753265027727430e-15,1.628865558882413055e-15
9.438877755511022087e+02,9.394257511058118247e-15,1.600945356425472208e-15
9.472945891783566594e+02,9.234203331699207416e-15,1.573583019657166840e-15
9.507014028056112238e+02,9.078509477821522126e-15,1.547753810227206790e-15
9.541082164328656745e+02,8.929859533642389711e-15,1.526214125369764203e-15
9.575150300601202389e+02,8.784228640551931861e-15,1.505081685589940049e-15
9.609218436873746896e+02,8.641543514668858829e-15,1.484344959912389769e-15
9.643286573146292540e+02,8.501732957105860697e-15,1.463992845419890378e-15
9.677354709418837047e+02,8.364727784207062407e-15,1.444014647626542480e-15
9.711422845691382690e+02,8.230460760614395533e-15,1.424400061915983416e-15
9.745490981963927197e+02,8.098866535019121624e-15,1.405139155978011750e-15
9.779559118236472841e+02,7.969881578461702852e-15,1.386222353182315420e-15
9.813627254509017348e+02,7.843444125054125673e-15,1.367640416831860054e-15
9.847695390781562992e+02,7.719494115005201337e-15,1.349384435242443026e-15
9.881763527054107499e+02,7.597973139837934158e-15,1.331445807598878918e-15
9.915831663326653143e+02,7.478824389694234662e-15,1.313816230541042822e-15
9.949899799599197650e+02,7.361992602628713965e-15,1.296487685436904808e-15
9.983967935871743293e+02,7.247424015799295764e-15,1.279452426301688603e-15
1.001803607214428780e+03,7.136086544884316892e-15,1.262095089849027834e-15
1.005210420841683344e+03,7.027766321330402162e-15,1.244486598656779572e-15
1.008617234468937795e+03,6.921493470031621243e-15,1.227163441445460581e-15
1.012024048096192359e+03,6.817221834235034118e-15,1.210118710570287728e-15
1.015430861723446810e+03,6.714906463131726453e-15,1.193345717513103903e-15
1.018837675350701375e+03,6.614503575858560559e-15,1.176837984270855448e-15
1.022244488977955825e+03,6.515970526733465788e-15,1.160589235146979904e-15
1.025651302605210276e+03,6.419265771674798888e-15,1.144593388924361441e-15
1.029058116232464954e+03,6.324348835756787912e-15,1.128844551399115011e-15
1.032464929859719405e+03,6.231180281856447237e-15,1.113337008255991052e-15
1.035871743486974083e+03,6.139721680348435914e-15,1.098065218267447657e-15
1.039278557114228533e+03,6.049935579807493345e-15,1.083023806799180606e-15
1.042685370741482984e+03,5.961785478678970584e-15,1.068207559606303092e-15
1.046092184368737435e+03,5.875235797881019778e-15,1.053611416905030769e-15
1.049498997995991886e+03,5.790251854302261431e-15,1.039230467705756265e-15
1.052905811623246336e+03,5.706799835161857289e-15,1.025059944394107440e-15
1.056312625250501014e+03,5.624846773199143824e-15,1.011095217547429547e-15
1.059719438877755465e+03,5.544360522662427578e-15,9.973317909605498252e-16
1.063126252505010143e+03,5.465309736067184940e-15,9.837652969563202866e-16
1.066533066132264594e+03,5.387663841695799857e-15,9.703914917520804870e-16
1.069939879759519044e+03,5.311393021811586686e-15,9.572062511651149301e-16
1.073346693386773495e+03,5.236468191561461809e-15,9.442055664265585317e-16
1.076753507014027946e+03,5.162860978542578948e-15,9.313855401838751432e-16
1.080160320641282397e+03,5.090543703009113282e-15,9.187423826684667493e-16
1.083567134268537075e+03,5.019489358696622672e-15,9.062724080208223313e-16
1.086973947895791525e+03,4.949671594242306527e-15,8.939720307653487471e-16
1.090380761523046203e+03,4.881064695179986919e-15,8.818377624279493460e-16
1.093787575150300654e+03,4.813643566490237144e-15,8.698662082897592845e-16
1.097194388777555105e+03,4.747383715685966982e-15,8.580540642704368494e-16
1.100601202404809555e+03,4.682260085781326166e-15,8.465521983553675188e-16
1.104008016032064006e+03,4.618245324695055273e-15,8.359159131749552372e-16
1.107414829659318457e+03,4.555322151198076624e-15,8.254186804336688387e-16
1.110821643286573135e+03,4.493468308349845310e-15,8.150577476175457836e-16
1.114228456913827586e+03,4.432662065283785761e-15,8.048304333982979276e-16
1.117635270541082264e+03,4.372882203111648992e-15,7.947341253568616867e-16
1.121042084168336714e+03,4.314108001250314332e-15,7.847662777937867005e-16
1.124448897795591165e+03,4.256319224156633390e-15,7.749244096227963690e-16
1.127855711422845616e+03,4.199496108456694232e-15,7.652061023435882839e-16
1.131262525050100066e+03,4.143619350456725407e-15,7.556089980906747377e-16
1.134669338677354517e+03,4.088670094022722248e-15,7.461307977547267477e-16
1.138076152304609195e+03,4.034629918817038250e-15,7.367692591734737221e-16
1.141482965931863646e+03,3.981480828880030517e-15,7.275221953890161412e-16
1.144889779559118324e+03,3.929205241545696298e-15,7.183874729687963560e-16
1.148296593186372775e+03,3.877785976680269964e-15,7.093630103875211195e-16
1.151703406813627225e+03,3.827206246233672756e-15,7.004467764674104216e-16
1.155110220440881676e+03,3.777449644093393660e-15,6.916367888744347414e-16
1.158517034068136127e+03,3.728500136231318508e-15,6.829311126680983040e-16
1.161923847695390577e+03,3.680342051134220057e-15,6.743278589025178202e-16
1.165330661322645255e+03,3.632960070508568921e-15,6.658251832769184323e-16
1.168737474949899706e+03,3.586339220251385473e-15,6.574212848332212036e-16
1.172144288577154384e+03,3.540464861678320370e-15,6.491144046989467231e-16
1.175551102204408835e+03,3.495322683001205613e-15,6.409028248737500159e-16
1.178957915831663286e+03,3.450898691047020730e-15,6.327848670574751738e-16
1.182364729458917736e+03,3.407179203210775926e-15,6.247588915184573747e-16
1.185771543086172187e+03,3.364150839635130033e-15,6.168232960001072364e-16
1.189178356713426865e+03,3.321800515609581186e-15,6.089765146646860180e-16
1.192585170340681316e+03,3.280115434182359648e-15,6.012170170722759489e-16
1.195991983967935994e+03,3.239083078978764738e-15,5.935433071942103694e-16
1.199398797595190445e+03,3.198691207219143524e-15,5.859539224589294061e-16
1.202805611222444895e+03,3.158927842930830695e-15,5.784474328296285180e-16
1.206212424849699346e+03,3.119781270347822332e-15,5.710224399120647995e-16
1.209619238476953797e+03,3.081240027492517601e-15,5.636775760916116824e-16
1.213026052104208247e+03,3.043292899934132546e-15,5.564115036982326088e-16
1.216432865731462925e+03,3.005928914718229252e-15,5.492229141985616407e-16
1.219839679358717376e+03,2.969137334462327445e-15,5.421105274139065321e-16
1.223246492985972054e+03,2.932907651612601487e-15,5.350730907631629439e-16
1.226653306613226505e+03,2.897229582856670068e-15,5.281093785300025990e-16
1.230060120240480956e+03,2.862093063688008520e-15,5.212181911530205438e-16
1.233466933867735406e+03,2.827488243117314069e-15,5.143983545383389133e-16
1.236873747494989857e+03,2.793405478526498342e-15,5.076487193937323002e-16
1.240280561122244308e+03,2.759835330661058287e-15,5.009681605833488041e-16
1.243687374749498986e+03,2.726768558756789327e-15,4.943555765025917020e-16
1.247094188376753436e+03,2.694196115796699606e-15,4.878098884721506195e-16
1.250501002004008114e+03,2.662109143894560475e-15,4.813300401505594941e-16
1.253907815631262565e+03,2.630498969801118537e-15,4.749149969648649119e-16
1.257314629258517016e+03,2.599357100529521924e-15,4.685637455582551507e-16
1.260721442885771467e+03,2.568675219096476420e-15,4.622752932547180678e-16
1.264128256513025917e+03,2.538445180375635586e-15,4.560486675394329167e-16
1.267535070140280368e+03,2.508659007060201176e-15,4.498829155549782341e-16
1.270941883767535046e+03,2.479308885731279437e-15,4.437771036123252474e-16
1.274348697394789497e+03,2.450387163029197954e-15,4.377303167162936670e-16
1.277755511022044175e+03,2.421886341924648503e-15,4.317416581051829146e-16
1.281162324649298625e+03,2.393799078086870049e-15,4.258102488036654830e-16
1.284569138276553076e+03,2.366118176346067098e-15,4.199352271887947155e-16
1.287975951903807527e+03,2.338836587247375362e-15,4.141157485686157215e-16
1.291382765531061978e+03,2.311947403693733611e-15,4.083509847729363372e-16
1.294789579158316428e+03,2.285443857675215881e-15,4.026401237558422530e-16
1.298196392785571106e+03,2.259319317082259027e-15,3.969823692095760271e-16
1.301603206412825557e+03,2.233826928349734554e-15,3.919467143707041976e-16
1.305010020040080235e+03,2.208983247051778760e-15,3.875959375811924920e-16
1.308416833667334686e+03,2.184486736857578815e-15,3.832856680920879865e-16
1.311823647294589136e+03,2.160331562974163244e-15,3.790153363023073406e-16
1.315230460921843587e+03,2.136512004913182027e-15,3.747843830995710664e-16
1.318637274549098038e+03,2.113022453942348270e-15,3.705922596229309562e-16
1.322044088176352716e+03,2.089857410600459302e-15,3.664384270317371775e-16
1.325450901803607167e+03,2.067011482273963903e-15,3.623223562808584226e-16
1.328857715430861617e+03,2.044479380833704646e-15,3.582435279015973380e-16
1.332264529058116295e+03,2.022255920329979130e-15,3.542014317887660699e-16
1.335671342685370746e+03,2.000336014744455222e-15,3.501955669932379339e-16
1.339078156312625197e+03,1.978714675797271057e-15,3.462254415198563880e-16
1.342484969939879647e+03,1.957387010808008322e-15,3.422905721307788618e-16
1.345891783567134325e+03,1.936348220608902330e-15,3.383904841539485268e-16
1.349298597194388776e+03,1.915593597509006204e-15,3.345247112963937483e-16
1.352705410821643227e+03,1.895118523307932591e-15,3.306927954624965714e-16
1.356112224448897678e+03,1.874918467357674489e-15,3.268942865769457590e-16
1.359519038076152356e+03,1.854988984671567208e-15,3.231287424120396587e-16
1.362925851703406806e+03,1.835325714078735663e-15,3.193957284196666191e-16
1.366332665330661257e+03,1.815924376423107177e-15,3.156948175673144660e-16
1.369739478957915708e+03,1.796780772805694487e-15,3.120255901784080123e-16
1.373146292585170386e+03,1.777890782868988151e-15,3.083876337765396474e-16
1.376553106212424836e+03,1.759250363122388056e-15,3.047805429336877166e-16
1.379959919839679287e+03,1.740855545307604344e-15,3.012039191222520995e-16
1.383366733466933738e+03,1.722702434802904999e-15,2.976573705706719079e-16
1.386773547094188416e+03,1.704787209065275310e-15,2.941405121227200634e-16
1.390180360721442867e+03,1.687106116109450057e-15,2.906529651001886464e-16
1.393587174348697317e+03,1.669655473022837311e-15,2.871943571690715614e-16
1.396993987975951768e+03,1.652431664515503531e-15,2.837643222088986516e-16
1.400400801603206446e+03,1.635431141504142411e-15,2.803625001853320500e-16
1.403807615230460897e+03,1.618650419729296372e-15,2.769885370258344527e-16
1.407214428857715347e+03,1.602086078404946997e-15,2.736420844983721901e-16
1.410621242484969798e+03,1.585734758899477668e-15,2.703228000929665293e-16
1.414028056112224476e+03,1.569593163447478502e-15,2.670303469062168126e-16
1.417434869739478927e+03,1.553658053891364507e-15,2.637643935285155352e-16
1.420841683366733378e+03,1.537926250452169559e-15,2.605246139338936323e-16
1.424248496993987828e+03,1.522394630528704467e-15,2.573106873725839347e-16
1.427655310621242506e+03,1.507060127524423977e-15,2.541222982660932022e-16
1.431062124248496957e+03,1.491919729701213057e-15,2.509591361047013835e-16
1.434468937875751408e+03,1.476970479059490179e-15,2.478208953474514076e-16
1.437875751503005858e+03,1.462209470243948575e-15,2.447072753243681007e-16
1.441282565130260537e+03,1.447633849474191779e-15,2.416179801410457053e-16
1.444689378757514987e+03,1.433240813499800384e-15,2.385527185854609254e-16
1.448096192384769438e+03,1.419027608579037811e-15,2.355112040368227600e-16
1.451503006012023889e+03,1.404991529480802024e-15,2.324931543766738457e-16
1.454909819639278567e+03,1.391129918509004178e-15,2.294982919018532628e-16
1.458316633266533017e+03,1.377440164549053900e-15,2.265263432396688435e-16
1.461723446893787468e+03,1.363919702135699634e-15,2.235770392648493470e-16
1.465130260521042146e+03,1.350566010541897450e-15,2.206501150183683304e-16
1.468537074148296597e+03,1.337376612887896386e-15,2.177453096281886987e-16
1.471943887775551048e+03,1.324349075270420811e-15,2.148623662318158170e-16
1.475350701402805498e+03,1.311481005911073584e-15,2.120010319004127647e-16
1.478757515030060176e+03,1.298770054323770870e-15,2.091610575648626459e-16
1.482164328657314627e+03,1.286213910500617969e-15,2.063421979432327803e-16
1.485571142284569078e+03,1.273810304115729158e-15,2.035442114700703571e-16
1.488977955911823528e+03,1.261557003746693568e-15,2.007668602270914642e-16
1.492384769539078206e+03,1.249451816113122662e-15,1.980099098754582921e-16
1.495791583166332657e+03,1.237492585331929838e-15,1.952731295896698284e-16
1.499198396793587108e+03,1.225677192188968457e-15,1.925562919926142988e-16
1.502605210420841559e+03,1.213958220711513915e-15,1.905549947800928673e-16
1.506012024048096237e+03,1.202366058650494832e-15,1.887815137635005966e-16
1.509418837675350687e+03,1.190912760111145921e-15,1.870208282352349581e-16
1.512825651302605138e+03,1.179596323022967991e-15,1.852727951121055811e-16
1.516232464929859589e+03,1.168414779045890401e-15,1.835372734217428173e-16
1.519639278557114267e+03,1.157366192920933029e-15,1.818141242643166145e-16
1.523046092184368717e+03,1.146448661834726350e-15,1.801032107750738814e-16
1.526452905811623168e+03,1.135660314797864590e-15,1.784043980876078420e-16
1.529859719438877619e+03,1.124999312036618040e-15,1.767175532978878524e-16
1.533266533066132297e+03,1.114463844397632584e-15,1.750425454292437381e-16
1.536673346693386748e+03,1.104052132765462023e-15,1.733792453978702135e-16
1.540080160320641198e+03,1.093762427492522786e-15,1.717275259791628344e-16
1.543486973947895649e+03,1.083593007841135378e-15,1.700872617748029000e-16
1.546893787575150327e+03,1.073542181437520410e-15,1.684583291803656900e-16
1.550300601202404778e+03,1.063608283737369010e-15,1.668406063539380002e-16
1.553707414829659228e+03,1.053789677502619580e-15,1.652339731849547347e-16
1.557114228456913679e+03,1.044084752289427120e-15,1.636383112640352810e-16
1.560521042084168357e+03,1.034491923946821015e-15,1.620535038532889363e-16
1.563927855711422808e+03,1.025009634125969462e-15,1.604794358572472568e-16
1.567334669338677259e+03,1.015636349799644258e-15,1.589159937944649420e-16
1.570741482965931709e+03,1.006370562791867608e-15,1.573630657695181073e-16
1.574148296593186387e+03,9.972107893172429993e-16,1.558205414458623416e-16
1.577555110220440838e+03,9.881555695299709129e-16,1.542883120189808184e-16
1.580961923847695289e+03,9.792034670822156979e-16,1.527662701901853136e-16
1.584368737474949739e+03,9.703530686915985761e-16,1.512543101410371433e-16
1.587775551102204417e+03,9.616029837176846495e-16,1.497523275081391145e-16
1.591182364729458868e+03,9.529518437471592102e-16,1.482602193583950224e-16
1.594589178356713319e+03,9.443983021875606265e-16,1.467778841650434395e-16
1.597995991983967770e+03,9.359410338694289957e-16,1.453052217838053482e-16
1.601402805611222448e+03,9.275787346564562116e-16,1.438421334298736347e-16
1.604809619238476898e+03,9.193101210637833890e-16,1.423885216549527008e-16
1.608216432865731349e+03,9.111339298839535898e-16,1.409442903251966622e-16
1.611623246492986027e+03,9.030489178205454926e-16,1.395093445992356279e-16
1.615030060120240478e+03,8.950538611292355661e-16,1.380835909067706992e-16
1.618436873747494928e+03,8.871475552661187510e-16,1.366669369276088571e-16
1.621843687374749379e+03,8.793288145431613301e-16,1.352592915710359506e-16
1.625250501002004057e+03,8.715964717905945920e-16,1.338605649557065860e-16
1.628657314629258508e+03,8.639493780261031514e-16,1.324706683897697874e-16
1.632064128256512959e+03,8.563864021306695780e-16,1.310895143515209750e-16
1.635470941883767409e+03,8.489064305308849248e-16,1.297170164703629300e-16
1.638877755511022087e+03,8.415083668876601716e-16,1.283530895080727153e-16
1.642284569138276538e+03,8.341911317910998561e-16,1.269976493405510329e-16
1.645691382765530989e+03,8.269536624614719234e-16,1.256506129399253367e-16
1.649098196392785439e+03,8.197949124561357426e-16,1.243118983568176198e-16
1.652505010020040118e+03,8.127138513822378809e-16,1.229814247031164073e-16
1.655911823647294568e+03,8.057094646151205120e-16,1.216591121350715163e-16
1.659318637274549019e+03,7.987807530222660501e-16,1.203448818365578050e-16
1.662725450901803470e+03,7.919267326927053368e-16,1.190386560028283849e-16
1.666132264529058148e+03,7.851464346716993619e-16,1.177403578245725556e-16
1.669539078156312598e+03,7.784389047006610928e-16,1.164499114720548195e-16
1.672945891783567049e+03,7.718032029621571724e-16,1.151672420797608381e-16
1.676352705410821500e+03,7.652384038298590298e-16,1.138922757313174686e-16
1.679759519038076178e+03,7.587435956233847310e-16,1.126249394446323991e-16
1.683166332665330629e+03,7.523178803679144241e-16,1.113651611572436213e-16
1.686573146292585079e+03,7.459603735584442869e-16,1.101128697121141287e-16
1.689979959919839530e+03,7.396702039286260244e-16,1.088679948434941484e-16
1.693386773547094208e+03,7.334465132240376932e-16,1.076304671632748831e-16
1.696793587174348659e+03,7.272884559798479889e-16,1.064002181472666699e-16
1.700200400801603109e+03,7.211951993027567504e-16,1.051771801220959393e-16
1.703607214428857560e+03,7.151659226570916777e-16,1.039612862521369081e-16
1.707014028056112238e+03,7.091998176550230995e-16,1.027524705265345959e-16
1.710420841683366689e+03,7.032960878507781677e-16,1.015506677469076051e-16
1.713827655310621140e+03,6.974539485387844669e-16,1.003558135147610318e-16
1.717234468937875590e+03,6.916726265556298363e-16,9.916784421947077068e-17
1.720641282565130268e+03,6.859513600858013294e-16,9.798669702643774517e-17
1.724048096192384719e+03,6.802893984711119986e-16,9.681230986526119418e-17
1.727454909819639170e+03,6.746860020236864303e-16,9.564462141834093838e-17
1.730861723446893620e+03,6.691404418425395392e-16,9.448357110954589872e-17
1.734268537074148298e+03,6.636519996335175886e-16,9.332909909324393780e-17
1.737675350701402749e+03,6.582199675327216354e-16,9.218114624327693711e-17
1.741082164328657200e+03,6.528436479331567271e-16,9.103965414231521769e-17
1.744488977955911650e+03,6.475223533146641400e-16,8.990456507146337330e-17
1.747895791583166329e+03,6.422554060770231624e-16,8.877582199982030027e-17
1.751302605210420779e+03,6.370421383761523120e-16,8.765336857427835085e-17
1.754709418837675230e+03,6.318818919633334682e-16,8.653714910985330372e-17
1.758116232464929908e+03,6.267740180274814022e-16,8.542710857950049013e-17
1.761523046092184359e+03,6.217178770402774637e-16,8.432319260486479582e-17
1.764929859719438809e+03,6.167128386041482945e-16,8.322534744655620012e-17
1.768336673346693260e+03,6.117582813031056417e-16,8.213351999501113044e-17
1.771743486973947938e+03,6.068535925563023185e-16,8.104765776134626111e-17
1.775150300601202389e+03,6.019981684742270018e-16,7.996770886838324834e-17
1.778557114228456840e+03,5.971914137176421966e-16,7.889362204173410904e-17
1.781963927855711290e+03,5.924327413589788109e-16,7.782534660125217487e-17
1.785370741482965968e+03,5.877215727463315067e-16,7.676283245256597545e-17
1.788777555110220419e+03,5.830573373699290032e-16,7.570603007854171721e-17
1.792184368737474870e+03,5.784394727309945306e-16,7.465489053108164447e-17
1.795591182364729320e+03,5.738674242130069841e-16,7.360936542311536334e-17
1.798997995991983998e+03,5.693406449552838932e-16,7.256940692067754578e-17
1.802404809619238449e+03,5.648585957288475513e-16,7.153496773494245595e-17
1.805811623246492900e+03,5.604207448145421608e-16,7.050600111450789215e-17
1.809218436873747351e+03,5.560265678833081168e-16,6.948246083818946013e-17
1.812625250501002029e+03,5.516755478786416343e-16,6.846430120703869358e-17
1.816032064128256479e+03,5.473671749011226692e-16,6.745147703749856409e-17
1.819438877755510930e+03,5.431009460950582685e-16,6.644394365389701360e-17
1.822845691382765381e+03,5.388763655370730268e-16,6.544165688160348744e-17
1.826252505010020059e+03,5.346929441267607370e-16,6.444457303991969517e-17
1.829659318637274509e+03,5.305501994792272378e-16,6.345264893533319821e-17
1.833066132264528960e+03,5.264476558195519661e-16,6.246584185466345344e-17
1.836472945891783411e+03,5.223848438791279866e-16,6.148410955854582217e-17
1.839879759519038089e+03,5.183613007938076238e-16,6.050741027500088695e-17
1.843286573146292540e+03,5.143765700038646440e-16,5.953570269280217747e-17
1.846693386773546990e+03,5.104302011557159920e-16,5.856894595536513631e-17
1.850100200400801441e+03,5.065217500053466777e-16,5.760709965441493243e-17
1.853507014028056119e+03,5.026507783234585214e-16,5.665012382415739540e-17
1.856913827655310570e+03,4.988168538022459249e-16,5.569797893477025963e-17
1.860320641282565020e+03,4.950195499638083312e-16,5.475062588708375206e-17
1.863727454909819471e+03,4.912584460701759056e-16,5.380802600630444560e-17
1.867134268537074149e+03,4.875331270348691557e-16,5.287014103661590064e-17
1.870541082164328600e+03,4.838431833360217791e-16,5.193693313539399739e-17
1.873947895791583051e+03,4.801882109309756229e-16,5.100836486771094804e-17
1.877354709418837501e+03,4.765678111723821719e-16,5.008439920084667385e-17
1.880761523046092179e+03,4.729815907257314789e-16,4.916499949899507997e-17
1.884168336673346630e+03,4.694291614882968055e-16,4.825012951802473110e-17
1.887575150300601081e+03,4.659101405095016777e-16,4.733975340013107701e-17
1.890981963927855531e+03,4.624241499126156790e-16,4.643383566884264262e-17
1.894388777555110210e+03,4.589708168178009699e-16,4.553234122396200135e-17
1.897795591182364660e+03,4.555497732664918850e-16,4.463523533666190758e-17
1.901202404809619111e+03,4.521606561470324663e-16,4.374248364454710136e-17
1.904609218436873789e+03,4.488031071216103913e-16,4.285405214681901628e-17
1.908016032064128240e+03,4.454767725544010138e-16,4.196990719966957753e-17
1.911422845691382690e+03,4.421813034409536139e-16,4.109001551154939848e-17
1.914829659318637141e+03,4.389163553387685320e-16,4.021434413857492154e-17
1.918236472945891819e+03,4.356815882990192363e-16,3.934286048009991328e-17
1.921643286573146270e+03,4.324766667994626608e-16,3.847553227427316682e-17
1.925050100200400720e+03,4.293012596784502512e-16,3.761232759344085408e-17
1.928456913827655171e+03,4.261550400700741811e-16,3.675321484023698656e-17
1.931863727454909849e+03,4.230376853403490972e-16,3.589816274300571717e-17
1.935270541082164300e+03,4.199488770245380069e-16,3.504714035180520509e-17
1.938677354709418751e+03,4.168883007654453602e-16,3.420011703426131968e-17
1.942084168336673201e+03,4.138556462527876657e-16,3.335706247143372583e-17
1.945490981963927879e+03,4.108506071635482595e-16,3.251794665399764316e-17
1.948897795591182330e+03,4.078728811033579888e-16,3.168273987814984891e-17
1.952304609218436781e+03,4.049221695487788931e-16,3.085141274185468001e-17
1.955711422845691231e+03,4.019981777906181396e-16,3.002393614095445570e-17
1.959118236472945910e+03,3.991006148781234104e-16,2.920028126554872931e-17
1.962525050100200360e+03,3.962291935641187117e-16,2.838041959605326855e-17
1.965931863727454811e+03,3.933836302510602898e-16,2.756432289988388151e-17
1.969338677354709262e+03,3.905636449379135056e-16,2.675196322761591821e-17
1.972745490981963940e+03,3.877689611679896531e-16,2.594331290946823123e-17
1.976152304609218390e+03,3.849993059775608427e-16,2.513834455201511416e-17
1.979559118236472841e+03,3.822544098453564845e-16,2.433703103463525032e-17
1.982965931863727292e+03,3.795340066428554373e-16,2.353934550595218754e-17
1.986372745490981970e+03,3.768378335854086306e-16,2.274526138087696021e-17
1.989779559118236421e+03,3.741656311841390596e-16,2.195475233704281395e-17
1.993186372745490871e+03,3.715171431986315786e-16,2.116779231168685691e-17
1.996593186372745322e+03,3.688921165903865568e-16,2.038435549840070787e-17
2.000000000000000000e+03,3.662903014769904134e-16,1.960441634411372257e-17
